<?xml version="1.0" encoding="UTF-8"?>
<project-private xmlns="http://www.netbeans.org/ns/project-private/1">
    <editor-bookmarks xmlns="http://www.netbeans.org/ns/editor-bookmarks/2" lastBookmarkId="0"/>
    <open-files xmlns="http://www.netbeans.org/ns/projectui-open-files/2">
        <group>
            <file>file:/E:/wamp64/www/fam/fam-content.php</file>
            <file>file:/E:/wamp64/www/fam/less/fam.less</file>
            <file>file:/E:/wamp64/www/fam/image/screen/decktop-screen.png</file>
        </group>
    </open-files>
</project-private>
